Date,Flight number,From,To,Dep time,Arr time,Duration,Airline,Aircraft,Registration,Seat number,Seat type,Flight class,Flight reason,Note,Dep_id,Arr_id,Airline_id,Aircraft_id
2019/11/21,2P2638,Manila / Ninoy Aquino International (MNL/RPLL),Nanjing / Nanjing (NKG/ZSNJ),14:00:00,17:10:00,3:10:00,Air Philippines Corporation (2P/GAP),Airbus A320-200 (A320),,,0,0,0,1,1898,2066,944,2059
2019/11/21,2P9741,Manila / Ninoy Aquino International (MNL/RPLL),Hangzhou / Xiaoshan (HGH/ZSHC),12:30:00,16:00:00,3:30:00,Philippine Airlines (PR/PAL),Airbus A320 (A320),,,0,0,0,4,1898,1121,597,27
2019/12/22,3U3848,Bangkok / Suvarnabhumi (BKK/VTBS),Chengdu / Shuangliu (CTU/ZUUU),12:05:00,15:55:00,2:50:00,Sichuan Airlines (3U/CSC),Airbus A320-200 (A320),,,0,0,0,3,331,633,915,2059
2019/12/21,3U8288,Chiang Rai / Mae Fah Luang (CEI/VTCT),Chengdu / Shuangliu (CTU/ZUUU),12:50:00,15:55:00,2:05:00,Sichuan Airlines (3U/CSC),Airbus A321-200 (A321),,,0,0,0,6,3918,633,915,2076
2020/6/11,3U8392,Cairo / Cairo (CAI/HECA),Chengdu / Shuangliu (CTU/ZUUU),21:00:00,12:10:00,9:10:00,Sichuan Airlines (3U/CSC),Airbus A330-200 (A332),,,0,0,0,5,475,633,915,30
2020/6/11,3U8502,Vancouver / Vancouver (YVR/CYVR),Chengdu / Shuangliu (CTU/ZUUU),0:15:00,4:40:00,13:25:00,Sichuan Airlines (3U/CSC),Airbus A350-900 (A359),,,0,0,0,5,3466,633,915,2110
2020/6/12,3U8502,Vancouver / Vancouver (YVR/CYVR),Chengdu / Shuangliu (CTU/ZUUU),0:15:00,4:40:00,13:25:00,Sichuan Airlines (3U/CSC),Airbus A350-900 (A359),,,0,0,0,3,3466,633,915,2110
2019/11/21,5J308,Manila / Ninoy Aquino International (MNL/RPLL),Guangzhou / Canton-Baiyun (CAN/ZGGG),16:30:00,19:30:00,3:00:00,Cebu Pacific (5J/CEB),Airbus A330-200 (A332),,,0,0,0,2,1898,478,906,30
2020/7/15,7C8501,Seoul / Incheon (ICN/RKSI),Weihai / Dashuibo (WEH/ZSWH),10:10:00,10:50:00,1:40:00,Jeju Air (7C/JJA),Boeing 737-800 (B738),,,0,0,0,3,3602,3792,1090,231
2019/12/21,8M711,Yangon / Mingaladon (RGN/VYYY),Guangzhou / Canton-Baiyun (CAN/ZGGG),8:40:00,13:15:00,2:35:00,Myanmar Airways International (8M/MMA),Airbus A320-200 (A320),,,0,0,0,5,2513,478,1049,2059
2019/11/25,8M711,Yangon / Mingaladon (RGN/VYYY),Guangzhou / Canton-Baiyun (CAN/ZGGG),8:40:00,13:15:00,2:35:00,Myanmar Airways International (8M/MMA),Airbus A319-200 (A319),,,0,0,0,2(MNL-RGN-CAN),2513,478,1049,2074
2019/11/21,8Y8300,Manila / Ninoy Aquino International (MNL/RPLL),Zhengzhou / Zhengzhou (CGO/ZHCC),3:30:00,7:10:00,3:40:00,Pan Pacific Airlines (8Y/AAV),Airbus A320 (A320),,,0,0,0,3,1898,536,2433,27
2020/2/5,9C6218,Tokyo / Narita (NRT/RJAA),Shanghai / Pudong (PVG/ZSPD),20:00:00,22:15:00,3:15:00,Spring Airlines (9C/CQH),Airbus A320-200 (A320),,,0,0,0,7,2105,3653,1294,2059
2019/12/2,9C6242,Phnom Penh / Pochentong (PNH/VDPP),Nanjing / Nanjing (NKG/ZSNJ),15:05:00,21:00:00,4:55:00,Spring Airlines (9C/CQH),Airbus A320-200 (A320),,,0,0,0,3,2362,2066,1294,2059
2019/12/21,9C6396,Osaka / Kansai (KIX/RJBB),Changzhou / Benniu (CZX/ZSCG),16:55:00,18:50:00,2:55:00,Spring Airlines (9C/CQH),Airbus A320-200 (A320),,,0,0,0,5,3597,4508,1294,2059
2019/12/21,9C8570,Jeju / Jeju International (CJU/RKPC),Shanghai / Pudong (PVG/ZSPD),21:15:00,21:45:00,1:30:00,Spring Airlines (9C/CQH),Airbus A320-200 (A320),,,0,0,0,1,565,3653,1294,2059
2020/11/6,AA127,DFW,PVG,14:40:00,23:05:00,-,AA,-,-,-,-,-,-,"5,7",-,-,-,-
2020/2/21,AC25,Vancouver / Vancouver (YVR/CYVR),Shanghai / Pudong (PVG/ZSPD),11:10:00,16:30:00,14:20:00,Air Canada (AC/ACA),Boeing 777-300ER (B77W),,,0,0,0,5,3466,3653,13,2023
2020/2/22,AC25,Vancouver / Vancouver (YVR/CYVR),Shanghai / Pudong (PVG/ZSPD),11:10:00,16:30:00,14:20:00,Air Canada (AC/ACA),Boeing 777-300ER (B77W),,,0,0,0,7,3466,3653,13,2023
2020/2/21,AF198,Paris / Charles de Gaulle (CDG/LFPG),Shanghai / Pudong (PVG/ZSPD),20:45:00,16:45:00,14:00:00,Air France (AF/AFR),Boeing 777-300ER (B77W),,,0,0,0,1,509,3653,34,2023
2020/2/22,AF198,Paris / Charles de Gaulle (CDG/LFPG),Shanghai / Pudong (PVG/ZSPD),20:45:00,16:45:00,14:00:00,Air France (AF/AFR),Boeing 777-300ER (B77W),,,0,0,0,4,509,3653,34,2023
2020/6/11,AH3060,Algiers / Houari Boumediene (ALG/DAAG),Chengdu / Shuangliu (CTU/ZUUU),13:00:00,7:10:00,11:10:00,Air Algerie (AH/DAH),Airbus A330-200 (A332),,,0,0,0,4(from Oct),104,633,222,30
2020/3/10,AK116,Kuala Lumpur / Kuala Lumpur International (KUL/WMKK),Guangzhou / Canton-Baiyun (CAN/ZGGG),21:25:00,1:40:00,4:15:00,Air Asia (AK/AXM),Airbus A320-200 (A320),,,0,0,0,3,1527,478,103,2059
2020/3/25,AM9010,Mexico City / Juarez (MEX/MMMX),Tokyo / Narita (NRT/RJAA),6:25:00,9:46:00,13:21:00,Aeromexico (AM/AMX),Boeing 787-8 (B788),,,0,0,0,1,1800,2105,63,2087
2020/3/25,AM9010,Tokyo / Narita (NRT/RJAA),Shenzhen / Shenzhen Bao'an International Airport (SZX/ZGSZ),12:35:00,16:10:00,4:35:00,Aeromexico (AM/AMX),Boeing 787-8 (B788),,,0,0,0,1,2105,2844,63,2087
2019/11/12,AQ1008,Bangkok / Suvarnabhumi (BKK/VTBS),Guangzhou / Canton-Baiyun (CAN/ZGGG),1:00:00,5:00:00,3:00:00,9 Air (AQ/JYH),Boeing 737-800 (B738),,,0,0,0,5,331,478,1712,231
2019/11/11,AQ1008,Bangkok / Suvarnabhumi (BKK/VTBS),Guangzhou / Canton-Baiyun (CAN/ZGGG),1:00:00,5:00:00,3:00:00,9 Air (AQ/JYH),Boeing 737-800 (B738),,,0,0,0,1,331,478,1712,231
2020/5/1,AY105,Helsinki / Vantaa (HEL/EFHK),Nanjing / Nanjing (NKG/ZSNJ),18:55:00,8:55:00,9:00:00,Finnair (AY/FIN),Airbus A350-900 (A359),,,0,0,0,5,1110,2066,304,2110
2020/2/11,AY87,Helsinki / Vantaa (HEL/EFHK),Shanghai / Pudong (PVG/ZSPD),17:20:00,7:15:00,8:55:00,Finnair (AY/FIN),Airbus A350-900 (A359),,,0,0,0,4,1110,3653,304,2110
2020/2/11,BA169,London / Heathrow (LHR/EGLL),Shanghai / Pudong (PVG/ZSPD),14:50:00,8:55:00,11:05:00,British Airways (BA/BAW),Boeing 777-300ER (B77W),,,0,0,0,4,1618,3653,113,2023
2020/2/12,BA169,London / Heathrow (LHR/EGLL),Shanghai / Pudong (PVG/ZSPD),14:50:00,8:55:00,11:05:00,British Airways (BA/BAW),Boeing 777-200 (B772),,,0,0,0,,1618,3653,113,246
2019/11/25,BI639,Bandar Seri Begawan / Brunei (BWN/WBSB),Hangzhou / Xiaoshan (HGH/ZSHC),12:10:00,16:50:00,4:40:00,Royal Brunei Airlines (BI/RBA),Airbus A320neo (A20N),,,0,0,0,2(MNL-BWN-HGH),450,1121,638,2127
2019/12/21,BS325,Dhaka / Zia (DAC/VGZR),Guangzhou / Canton-Baiyun (CAN/ZGGG),22:10:00,3:50:00,3:40:00,British International Helicopters (BS/BIH),Boeing 737-800 (B738),,,0,0,0,6,670,478,130,231
2020/3/21,BX319,Seoul / Incheon (ICN/RKSI),Shenzhen / Shenzhen Bao'an International Airport (SZX/ZGSZ),8:50:00,11:20:00,3:30:00,Air Busan (BX/ABL),Airbus A321-200 (A321),,,0,0,0,5,3602,2844,1418,2076
2019/12/21,BX321,Pusan / Kimhae (PUS/RKPK),Qingdao / Liuting (TAO/ZSQD),10:35:00,11:35:00,2:00:00,Air Busan (BX/ABL),Airbus A321-200 (A321),,,0,0,0,4,2425,2854,1418,2076
2020/1/1,CA124,Seoul / Incheon (ICN/RKSI),Qingdao / Liuting (TAO/ZSQD),13:05:00,13:45:00,1:40:00,Air China (CA/CCA),Airbus A330-300 (A333),,,0,0,0,5,3602,2854,172,31
2020/5/11,CA140,Seoul / Incheon (ICN/RKSI),Hangzhou / Xiaoshan (HGH/ZSHC),13:20:00,14:15:00,1:55:00,Air China (CA/CCA),Airbus A330-200 (A332),,,0,0,0,2,3602,1121,172,30
2020/5/11,CA146,Tokyo / Narita (NRT/RJAA),Hangzhou / Xiaoshan (HGH/ZSHC),16:05:00,18:20:00,3:15:00,Air China (CA/CCA),Airbus A330 (A330),,,0,0,0,1,2105,1121,172,29
2019/11/21,CA180,Manila / Ninoy Aquino International (MNL/RPLL),Qingdao / Liuting (TAO/ZSQD),6:25:00,10:55:00,4:30:00,Air China (CA/CCA),Airbus A330 (A330),,,0,0,0,2,1898,2854,172,29
2019/11/1,CA404,Singapore / Changi (SIN/WSSS),Chengdu / Shuangliu (CTU/ZUUU),16:00:00,20:30:00,4:30:00,Air China (CA/CCA),Airbus A330-300 (A333),,,0,0,0,1,2672,633,172,31
2020/6/11,CA432,Frankfurt am Main / Frankfurt (FRA/EDDF),Chengdu / Shuangliu (CTU/ZUUU),20:00:00,11:50:00,9:50:00,Air China (CA/CCA),Airbus A330-200 (A332),,,0,0,0,4,919,633,172,30
2019/12/21,CA438,Kathmandu / Tribhuvan (KTM/VNKT),Chengdu / Shuangliu (CTU/ZUUU),12:20:00,17:55:00,2:35:00,Air China (CA/CCA),Airbus A330-200 (A332),,,0,0,0,1,1515,633,172,30
2020/1/1,CA722,Minsk / Minsk International (MSQ/UMMS),Hohhot / Baita (HET/ZBHH),18:20:00,7:35:00,8:15:00,Air China (CA/CCA),Airbus A330-200 (A332),,,0,0,0,5,1937,3702,172,30
2020/1/2,CA722,Minsk / Minsk International (MSQ/UMMS),Hohhot / Baita (HET/ZBHH),18:20:00,7:35:00,8:15:00,Air China (CA/CCA),Airbus A330-200 (A332),,,0,0,0,7,1937,3702,172,30
2020/1/1,CA738,Warsaw / Chopin (Okecie) (WAW/EPWA),Taiyuan / Wusu (TYN/ZBYN),21:10:00,11:10:00,8:00:00,Air China (CA/CCA),Airbus A330-200 (A332),,,0,0,0,5,3142,3060,172,30
2019/12/2,CA746,Phnom Penh / Pochentong (PNH/VDPP),Zhengzhou / Zhengzhou (CGO/ZHCC),1:10:00,6:10:00,4:00:00,Air China (CA/CCA),Airbus A321-200 (A321),,,0,0,0,7,2362,536,172,2076
2019/12/1,CA746,Phnom Penh / Pochentong (PNH/VDPP),Beijing / Peking-Capital (PEK/ZBAA),1:10:00,6:50:00,4:40:00,Air China (CA/CCA),Airbus A321-200 (A321),,,0,0,0,4,2362,2292,172,2076
2019/11/2,CA768,Singapore / Changi (SIN/WSSS),Hangzhou / Xiaoshan (HGH/ZSHC),16:35:00,21:55:00,5:20:00,Air China (CA/CCA),Airbus A330 (A330),,,0,0,0,5,2672,1121,172,29
2020/3/21,CA770,Los Angeles / Los Angeles International (LAX/KLAX),Shenzhen / Shenzhen Bao'an International Airport (SZX/ZGSZ),14:10:00,20:10:00,15:00:00,Air China (CA/CCA),Boeing 777-300 (B773),,,0,0,0,2,1559,2844,172,247
2020/1/1,CA842,Vienna / Schwechat (VIE/LOWW),Beijing / Peking-Capital (PEK/ZBAA),15:30:00,6:50:00,9:20:00,Air China (CA/CCA),Airbus A330-200 (A332),,,0,0,0,6,3179,2292,172,30
2020/2/5,CA850,London / Heathrow (LHR/EGLL),Shanghai / Pudong (PVG/ZSPD),12:30:00,6:30:00,11:00:00,Air China (CA/CCA),Boeing 777-300ER (B77W),,,0,0,0,5,1618,3653,172,2023
2020/1/2,CA864,Athens / Eleftherios Venizelos (ATH/LGAV),Chengdu / Shuangliu (CTU/ZUUU),22:15:00,13:00:00,9:45:00,Air China (CA/CCA),Airbus A330-200 (A332),,,0,0,0,3,3583,633,172,30
2020/1/1,CA864,Athens / Eleftherios Venizelos (ATH/LGAV),Beijing / Peking-Capital (PEK/ZBAA),22:15:00,12:30:00,9:15:00,Air China (CA/CCA),Airbus A330-200 (A332),,,0,0,0,7,3583,2292,172,30
2019/12/21,CA868,Johannesburg / Johannesburg (JNB/FAJS),Shenzhen / Shenzhen Bao'an International Airport (SZX/ZGSZ),10:10:00,5:20:00,13:10:00,Air China (CA/CCA),Boeing 777-300ER (B77W),,,0,0,0,3 (weekly chartered flight),1346,2844,172,2023
2020/1/2,CA878,Copenhagen / Kastrup (CPH/EKCH),Shijiazhuang / Shijiazhuang Daguocun International Airport (SJW/ZBSJ),20:45:00,11:40:00,8:55:00,Air China (CA/CCA),Airbus A330-200 (A332),,,0,0,0,3,606,4771,172,30
2020/1/1,CA878,Copenhagen / Kastrup (CPH/EKCH),Beijing / Peking-Capital (PEK/ZBAA),20:45:00,11:40:00,8:55:00,Air China (CA/CCA),Airbus A330-200 (A332),,,0,0,0,1,606,2292,172,30
2019/12/21,CA906,Yangon / Mingaladon (RGN/VYYY),Zhengzhou / Zhengzhou (CGO/ZHCC),14:00:00,19:40:00,3:40:00,Air China (CA/CCA),Boeing 737-800 (B738),,,0,0,0,7,2513,536,172,231
2019/12/22,CA906,Yangon / Mingaladon (RGN/VYYY),Zhengzhou / Zhengzhou (CGO/ZHCC),14:00:00,19:40:00,3:40:00,Air China (CA/CCA),Boeing 737-800 (B738),,,0,0,0,1,2513,536,172,231
2020/1/2,CA908,Madrid / Barajas (MAD/LEMD),Xian / Xianyang (XIY/ZLXY),18:30:00,11:25:00,10:55:00,Air China (CA/CCA),Boeing 747-400 (B744),,,0,0,0,1,1739,3280,172,237
2020/1/1,CA908,Madrid / Barajas (MAD/LEMD),Tianjin / Binhai (TSN/ZBTJ),16:20:00,8:45:00,10:25:00,Air China (CA/CCA),Boeing 747-400 (B744),,,0,0,0,6,1739,3023,172,237
2020/1/1,CA910,Moscow / Sheremetyevo (SVO/UUEE),Shijiazhuang / Shijiazhuang Daguocun International Airport (SJW/ZBSJ),18:45:00,7:25:00,7:40:00,Air China (CA/CCA),Boeing 777-300ER (B77W),,,0,0,0,5 (SJW/CGO/SHE/TAO/SHE/NKG),2816,4771,172,2023
2020/1/2,CA912,Stockholm / Arlanda (ARN/ESSA),Xian / Xianyang (XIY/ZLXY),19:10:00,9:40:00,8:30:00,Air China (CA/CCA),Airbus A330-200 (A332),,,0,0,0,7,3622,3280,172,30
2020/1/1,CA912,Stockholm / Arlanda (ARN/ESSA),Beijing / Peking-Capital (PEK/ZBAA),19:10:00,9:45:00,8:35:00,Air China (CA/CCA),Airbus A330-200 (A332),,,0,0,0,5,3622,2292,172,30
2020/2/5,CA930,Tokyo / Narita (NRT/RJAA),Shanghai / Pudong (PVG/ZSPD),16:55:00,19:10:00,3:15:00,Air China (CA/CCA),Airbus A330-300 (A333),,,0,0,0,4,2105,3653,172,31
2020/1/1,CA934,Paris / Charles de Gaulle (CDG/LFPG),Tianjin / Binhai (TSN/ZBTJ),20:20:00,12:25:00,10:05:00,Air China (CA/CCA),Boeing 777-300ER (B77W),,,0,0,0,3,509,3023,172,2023
2020/2/5,CA936,Frankfurt am Main / Frankfurt (FRA/EDDF),Shanghai / Pudong (PVG/ZSPD),20:00:00,12:55:00,10:55:00,Air China (CA/CCA),Boeing 777-300ER (B77W),,,0,0,0,6,919,3653,172,2023
2020/1/1,CA942,Dubai / Dubai International (DXB/OMDB),Xian / Xianyang (XIY/ZLXY),2:30:00,12:50:00,6:20:00,Air China (CA/CCA),Airbus A330-200 (A332),,,0,0,0,5,768,3280,172,30
2019/9/11,CA946,Karachi / Quaid E Azam (KHI/OPKC),Xian / Xianyang (XIY/ZLXY),23:55:00,9:00:00,6:05:00,Air China (CA/CCA),Airbus A330 (A330),,,0,0,0,5 - odd,1422,3280,172,29
2019/9/12,CA946,Islamabad / Benazir Bhutto International Airport (ISB/OPRN),Xian / Xianyang (XIY/ZLXY),18:00:00,9:00:00,4:40:00,Air China (CA/CCA),Airbus A330-200 (A332),,,0,0,0,5 - even,1277,3280,172,30
2019/9/1,CA948,Delhi / Indira Gandhi (DEL/VIDP),Taiyuan / Wusu (TYN/ZBYN),2:20:00,11:00:00,5:40:00,Air China (CA/CCA),Airbus A330 (A330),,,0,0,0,2,689,3060,172,29
2019/11/11,CA980,Bangkok / Suvarnabhumi (BKK/VTBS),Beijing / Peking-Capital (PEK/ZBAA),1:15:00,6:55:00,4:40:00,Air China (CA/CCA),Boeing 737-800 (B738),,,0,0,0,3,331,2292,172,231
2020/1/1,CA988,Los Angeles / Los Angeles International (LAX/KLAX),Tianjin / Binhai (TSN/ZBTJ),14:20:00,18:10:00,12:50:00,Air China (CA/CCA),Boeing 777-300ER (B77W),,,0,0,0,7,1559,3023,172,2023
2020/1/1,CA992,Vancouver / Vancouver (YVR/CYVR),Beijing / Peking-Capital (PEK/ZBAA),20:30:00,0:03:00,12:33:00,Air China (CA/CCA),Boeing 777-300ER (B77W),,,0,0,0,7,3466,2292,172,2023
2020/1/2,CA998,Vancouver / Vancouver (YVR/CYVR),Zhengzhou / Zhengzhou (CGO/ZHCC),13:50:00,17:30:00,12:40:00,Air China (CA/CCA),Boeing 777-300ER (B77W),,,0,0,0,6,3466,536,172,2023
2020/3/1,CZ304,London / Heathrow (LHR/EGLL),Guangzhou / Canton-Baiyun (CAN/ZGGG),22:35:00,16:35:00,11:00:00,China Southern Airlines (CZ/CSN),Airbus A380-800 (A388),,,0,0,0,,1618,478,207,39
2019/11/1,CZ3040,Singapore / Changi (SIN/WSSS),Guangzhou / Canton-Baiyun (CAN/ZGGG),17:50:00,21:35:00,3:45:00,China Southern Airlines (CZ/CSN),Boeing 787-9 (B789),,,0,0,0,2,2672,478,207,2088
2019/12/21,CZ3056,Yangon / Mingaladon (RGN/VYYY),Guangzhou / Canton-Baiyun (CAN/ZGGG),11:45:00,16:10:00,2:25:00,China Southern Airlines (CZ/CSN),Airbus A330 (A330),,,0,0,0,1,2513,478,207,29
2019/12/22,CZ3056,Yangon / Mingaladon (RGN/VYYY),Guangzhou / Canton-Baiyun (CAN/ZGGG),14:35:00,19:00:00,2:25:00,China Southern Airlines (CZ/CSN),Airbus A330 (A330),,,0,0,0,6,2513,478,207,29
2019/8/11,CZ306,Auckland / Mangere (AKL/NZAA),Guangzhou / Canton-Baiyun (CAN/ZGGG),1:20:00,9:20:00,12:00:00,China Southern Airlines (CZ/CSN),Boeing 787-9 (B789),,,0,0,0,7,93,478,207,2088
2019/8/12,CZ306,Auckland / Mangere (AKL/NZAA),Guangzhou / Canton-Baiyun (CAN/ZGGG),1:20:00,9:20:00,12:00:00,China Southern Airlines (CZ/CSN),Boeing 787-9 (B789),,,0,0,0,2,93,478,207,2088
2019/12/21,CZ3070,Hochiminh / Tan Son Nhat (SGN/VVTS),Guangzhou / Canton-Baiyun (CAN/ZGGG),12:25:00,16:10:00,2:45:00,China Southern Airlines (CZ/CSN),Boeing 787-9 (B789),,,0,0,0,7,2650,478,207,2088
2020/3/1,CZ308,Amsterdam / Schiphol (AMS/EHAM),Guangzhou / Canton-Baiyun (CAN/ZGGG),13:35:00,6:50:00,11:15:00,China Southern Airlines (CZ/CSN),Airbus A380-800 (A388),,,0,0,0,4,122,478,207,39
2020/3/2,CZ308,Amsterdam / Schiphol (AMS/EHAM),Guangzhou / Canton-Baiyun (CAN/ZGGG),13:35:00,6:50:00,11:15:00,China Southern Airlines (CZ/CSN),Airbus A380-800 (A388),,,0,0,0,2,122,478,207,39
2019/11/11,CZ3082,Bangkok / Suvarnabhumi (BKK/VTBS),Guangzhou / Canton-Baiyun (CAN/ZGGG),15:55:00,19:50:00,2:55:00,China Southern Airlines (CZ/CSN),Airbus A330-200 (A332),,,0,0,0,3,331,478,207,30
2019/11/12,CZ3082,Bangkok / Suvarnabhumi (BKK/VTBS),Guangzhou / Canton-Baiyun (CAN/ZGGG),15:55:00,19:50:00,2:55:00,China Southern Airlines (CZ/CSN),Airbus A330-200 (A332),,,0,0,0,7,331,478,207,30
2019/11/21,CZ3092,Manila / Ninoy Aquino International (MNL/RPLL),Guangzhou / Canton-Baiyun (CAN/ZGGG),11:55:00,14:25:00,2:30:00,China Southern Airlines (CZ/CSN),Airbus A330 (A330),,,0,0,0,4,1898,478,207,29
2020/3/3,CZ312,Toronto / Pearson (YYZ/CYYZ),Guangzhou / Canton-Baiyun (CAN/ZGGG),1:30:00,5:32:00,16:02:00,China Southern Airlines (CZ/CSN),Boeing 787-9 (B789),,,0,0,0,4,3500,478,207,2088
2020/3/3,CZ312,Toronto / Pearson (YYZ/CYYZ),Guangzhou / Canton-Baiyun (CAN/ZGGG),1:30:00,4:57:00,15:27:00,China Southern Airlines (CZ/CSN),Boeing 787-9 (B789),,,0,0,0,5 (临时2周？),3500,478,207,2088
2019/8/1,CZ326,Sydney / Kingsford Smith (SYD/YSSY),Guangzhou / Canton-Baiyun (CAN/ZGGG),21:30:00,5:15:00,9:45:00,China Southern Airlines (CZ/CSN),Airbus A380-800 (A388),,,0,0,0,7,2834,478,207,39
2019/8/2,CZ326,Sydney / Kingsford Smith (SYD/YSSY),Guangzhou / Canton-Baiyun (CAN/ZGGG),10:05:00,18:10:00,10:05:00,China Southern Airlines (CZ/CSN),Airbus A380-800 (A388),,,0,0,0,3,2834,478,207,39
2020/3/1,CZ328,Los Angeles / Los Angeles International (LAX/KLAX),Guangzhou / Canton-Baiyun (CAN/ZGGG),23:50:00,5:40:00,14:50:00,China Southern Airlines (CZ/CSN),Airbus A380-800 (A388),,,0,0,0,,1559,478,207,39
2020/3/2,CZ328,Los Angeles / Los Angeles International (LAX/KLAX),Guangzhou / Canton-Baiyun (CAN/ZGGG),23:50:00,5:40:00,14:50:00,China Southern Airlines (CZ/CSN),Airbus A380-800 (A388),,,0,0,0,,1559,478,207,39
2020/3/1,CZ330,Vancouver / Vancouver (YVR/CYVR),Guangzhou / Canton-Baiyun (CAN/ZGGG),12:50:00,15:50:00,12:00:00,China Southern Airlines (CZ/CSN),Boeing 787-9 (B789),,,0,0,0,,3466,478,207,2088
2020/3/2,CZ330,Vancouver / Vancouver (YVR/CYVR),Guangzhou / Canton-Baiyun (CAN/ZGGG),12:50:00,16:30:00,12:40:00,China Southern Airlines (CZ/CSN),Airbus A380-800 (A388),,,0,0,0,,3466,478,207,39
2020/3/1,CZ338,Seoul / Incheon (ICN/RKSI),Guangzhou / Canton-Baiyun (CAN/ZGGG),16:55:00,19:35:00,3:40:00,China Southern Airlines (CZ/CSN),Airbus A380-800 (A388),,,0,0,0,4 or 1,3602,478,207,39
2020/3/1,CZ348,Paris / Charles de Gaulle (CDG/LFPG),Guangzhou / Canton-Baiyun (CAN/ZGGG),12:25:00,6:00:00,11:35:00,China Southern Airlines (CZ/CSN),Airbus A380-800 (A388),,,0,0,0,2,509,478,207,39
2020/3/1,CZ350,Kuala Lumpur / Kuala Lumpur International (KUL/WMKK),Guangzhou / Canton-Baiyun (CAN/ZGGG),15:35:00,20:00:00,4:25:00,China Southern Airlines (CZ/CSN),Boeing 787-9 (B789),,,0,0,0,2,1527,478,207,2088
2020/3/2,CZ350,Kuala Lumpur / Kuala Lumpur International (KUL/WMKK),Guangzhou / Canton-Baiyun (CAN/ZGGG),15:35:00,20:00:00,4:25:00,China Southern Airlines (CZ/CSN),Boeing 787-9 (B789),,,0,0,0,5,1527,478,207,2088
2020/3/1,CZ388,Jakarta / Soekarno Hatta (CGK/WIII),Guangzhou / Canton-Baiyun (CAN/ZGGG),7:45:00,13:55:00,5:10:00,China Southern Airlines (CZ/CSN),Boeing 787-9 (B789),,,0,0,0,6,534,478,207,2088
2019/12/21,CZ392,Dhaka / Zia (DAC/VGZR),Guangzhou / Canton-Baiyun (CAN/ZGGG),2:50:00,8:25:00,3:35:00,China Southern Airlines (CZ/CSN),Airbus A330 (A330),,,0,0,0,4,670,478,207,29
2019/12/21,CZ6068,Kathmandu / Tribhuvan (KTM/VNKT),Guangzhou / Canton-Baiyun (CAN/ZGGG),12:15:00,18:50:00,3:35:00,China Southern Airlines (CZ/CSN),Airbus A330-300 (A333),,,0,0,0,6,1515,478,207,31
2019/12/21,CZ6092,Vientiane / Wattay (VTE/VLVT),Guangzhou / Canton-Baiyun (CAN/ZGGG),19:10:00,22:15:00,2:05:00,China Southern Airlines (CZ/CSN),Boeing 737-800 (B738),,,0,0,0,5,3244,478,207,231
2020/7/1,CZ628,Tokyo / Narita (NRT/RJAA),Shenyang / Taoxian (SHE/ZYTX),13:40:00,16:10:00,3:30:00,China Southern Airlines (CZ/CSN),Airbus A330-300 (A333),,,0,0,0,4,2105,3796,207,31
2020/7/1,CZ682,Seoul / Incheon (ICN/RKSI),Shenyang / Taoxian (SHE/ZYTX),12:45:00,13:30:00,1:45:00,China Southern Airlines (CZ/CSN),Airbus A330-300 (A333),,,0,0,0,7,3602,3796,207,31
2020/3/1,CZ8102,Tokyo / Narita (NRT/RJAA),Guangzhou / Canton-Baiyun (CAN/ZGGG),14:15:00,18:05:00,4:50:00,China Southern Airlines (CZ/CSN),Airbus A380-800 (A388),,,0,0,0,3,2105,478,207,39
2020/5/25,CZ8144,Seoul / Incheon (ICN/RKSI),Zhengzhou / Zhengzhou (CGO/ZHCC),20:30:00,22:50:00,3:20:00,China Southern Airlines (CZ/CSN),Boeing 737-800 (B738),,,0,0,0,6,3602,536,207,231
2019/12/2,CZ8314,Phnom Penh / Pochentong (PNH/VDPP),Guangzhou / Canton-Baiyun (CAN/ZGGG),12:05:00,15:40:00,2:35:00,China Southern Airlines (CZ/CSN),Boeing 787-9 (B789),,,0,0,0,2,2362,478,207,2088
2019/12/1,CZ8314,Phnom Penh / Pochentong (PNH/VDPP),Guangzhou / Canton-Baiyun (CAN/ZGGG),12:05:00,15:40:00,2:35:00,China Southern Airlines (CZ/CSN),Boeing 787-9 (B789),,,0,0,0,1,2362,478,207,2088
2020/5/11,D7302,Kuala Lumpur / Kuala Lumpur International (KUL/WMKK),Hangzhou / Xiaoshan (HGH/ZSHC),8:05:00,13:10:00,5:05:00,AirAsia X (D7/XAX),Airbus A330-300 (A333),,,0,0,0,1,1527,1121,1128,31
2020/2/21,DL283,Detroit / Detroit Metropolitan Wayne Co (DTW/KDTW),Shanghai / Pudong (PVG/ZSPD),19:25:00,0:15:00,16:50:00,Delta Air Lines (DL/DAL),Airbus A350-900 (A359),,,0,0,0,5,756,3653,223,2110
2020/2/22,DL283,Detroit / Detroit Metropolitan Wayne Co (DTW/KDTW),Shanghai / Pudong (PVG/ZSPD),19:25:00,0:15:00,16:50:00,Delta Air Lines (DL/DAL),Airbus A350-900 (A359),,,0,0,0,1,756,3653,223,2110
2020/2/21,DL287,Seattle / Seattle-Tacoma (SEA/KSEA),Shanghai / Pudong (PVG/ZSPD),23:30:00,4:45:00,14:15:00,Delta Air Lines (DL/DAL),Airbus A350-900 (A359),,,0,0,0,4,2627,3653,223,2110
2020/2/22,DL287,Seattle / Seattle-Tacoma (SEA/KSEA),Shanghai / Pudong (PVG/ZSPD),23:30:00,4:45:00,14:15:00,Delta Air Lines (DL/DAL),Airbus A350-900 (A359),,,0,0,0,2,2627,3653,223,2110
2020/3/10,EK362,Dubai / Dubai International (DXB/OMDB),Guangzhou / Canton-Baiyun (CAN/ZGGG),4:20:00,15:45:00,7:25:00,Emirates (EK/UAE),Airbus A380-800 (A388),,,0,0,0,6,768,478,807,39
2020/3/11,ET606,Addis Ababa / Bole (ADD/HAAB),Guangzhou / Canton-Baiyun (CAN/ZGGG),23:55:00,14:55:00,10:00:00,Ethiopian Airlines (ET/ETH),Boeing 777-300ER (B77W),,,0,0,0,6,37,478,277,2023
2020/6/11,ET636,Addis Ababa / Bole (ADD/HAAB),Chengdu / Shuangliu (CTU/ZUUU),2:35:00,17:50:00,10:15:00,Ethiopian Airlines (ET/ETH),Airbus A350-900 (A359),,,0,0,0,4,37,633,277,2110
2020/2/11,ET684,Addis Ababa / Bole (ADD/HAAB),Shanghai / Pudong (PVG/ZSPD),23:00:00,15:40:00,11:40:00,Ethiopian Airlines (ET/ETH),Airbus A350-900 (A359),,,0,0,0,1,37,3653,277,2110
2020/2/11,EY862,Abu Dhabi / Abu Dhabi (AUH/OMAA),Shanghai / Pudong (PVG/ZSPD),1:00:00,13:50:00,8:50:00,Etihad Airways (EY/ETD),Boeing 777-300ER (B77W),,,0,0,0,1,188,3653,276,2023
2019/11/25,FD326,Bangkok / Don Mueang International (DMK/VTBD),Nanjing / Nanjing (NKG/ZSNJ),17:35:00,22:25:00,3:50:00,Thai AirAsia (FD/AIQ),Airbus A320-200 (A320),,,0,0,0,3(MNL-DMK-NKG),3565,2066,1077,2059
2019/11/26,FD540,Bangkok / Don Mueang International (DMK/VTBD),Changsha / Huanghua (CSX/ZGHA),16:50:00,21:10:00,3:20:00,Thai AirAsia (FD/AIQ),Airbus A320-200 (A320),,,0,0,0,2(MNL-DMK-CSX),3565,624,1077,2059
2019/11/11,FM834,Bangkok / Suvarnabhumi (BKK/VTBS),Shanghai / Pudong (PVG/ZSPD),16:50:00,22:25:00,4:35:00,Shanghai Airlines (FM/CSH),Boeing 737-800 (B738),,,0,0,0,6,331,3653,206,231
2020/2/1,FM886,Kuala Lumpur / Kuala Lumpur International (KUL/WMKK),Shanghai / Pudong (PVG/ZSPD),16:10:00,22:10:00,6:00:00,Shanghai Airlines (FM/CSH),Boeing 787-9 (B789),,,0,0,0,7,1527,3653,206,2088
2019/11/21,GA898,Jakarta / Soekarno Hatta (CGK/WIII),Guangzhou / Canton-Baiyun (CAN/ZGGG),8:25:00,14:45:00,5:20:00,Garuda Indonesia (GA/GIA),Airbus A330-300 (A333),,,0,0,0,4,534,478,327,31
2020/5/11,GJ8502,Osaka / Kansai (KIX/RJBB),Hangzhou / Xiaoshan (HGH/ZSHC),18:00:00,19:55:00,2:55:00,Eurofly (GJ/EEZ),Airbus A320-200 (A320),,,0,0,0,6,3597,1121,254,2059
2020/5/11,GJ8508,Seoul / Incheon (ICN/RKSI),Hangzhou / Xiaoshan (HGH/ZSHC),17:25:00,18:55:00,2:30:00,LongJiang Airlines (LT/SNG),Airbus A320-200 (A320),,,0,0,0,4,3602,1121,1678,2059
2020/2/5,HO1334,Osaka / Kansai (KIX/RJBB),Shanghai / Pudong (PVG/ZSPD),18:00:00,19:30:00,2:30:00,Juneyao Airlines (HO/DKH),Boeing 787-9 (B789),,,0,0,0,2,3597,3653,1368,2088
2019/11/11,HO1358,Bangkok / Suvarnabhumi (BKK/VTBS),Shanghai / Pudong (PVG/ZSPD),1:30:00,6:55:00,4:25:00,Juneyao Airlines (HO/DKH),Airbus A320-200 (A320),,,0,0,0,5,331,3653,1368,2059
2019/11/1,HO1606,Singapore / Changi (SIN/WSSS),Shanghai / Pudong (PVG/ZSPD),22:55:00,3:55:00,5:00:00,Juneyao Airlines (HO/DKH),Boeing 787-9 (B789),,,0,0,0,5,2672,3653,1368,2088
2020/2/5,HO1608,Helsinki / Vantaa (HEL/EFHK),Shanghai / Pudong (PVG/ZSPD),16:30:00,6:30:00,9:00:00,Juneyao Airlines (HO/DKH),Boeing 787-9 (B789),,,0,0,0,7,1110,3653,1368,2088
2020/5/1,HO1610,Nanjing / Nanjing (NKG/ZSNJ),Osaka / Kansai (KIX/RJBB),13:20:00,16:40:00,2:20:00,Juneyao Airlines (HO/DKH),Airbus A321 (A321),,,0,0,0,4(789->321),2066,3597,1368,28
2019/11/11,HO1642,Bangkok / Suvarnabhumi (BKK/VTBS),Guiyang / Guiyang (KWE/ZUGY),15:30:00,19:30:00,3:00:00,Juneyao Airlines (HO/DKH),Airbus A321-200 (A321),,,0,0,0,4,331,1535,1368,2076
2020/5/25,HO1666,Helsinki / Vantaa (HEL/EFHK),Zhengzhou / Zhengzhou (CGO/ZHCC),20:30:00,10:00:00,8:30:00,Juneyao Airlines (HO/DKH),Boeing 787-9 (B789),,,0,0,0,1,1110,536,1368,2088
2020/6/1,HU492,Brussels / Brussels (BRU/EBBR),Xian / Xianyang (XIY/ZLXY),15:00:00,7:20:00,10:20:00,Hainan Airlines (HU/CHH),Airbus A330-300 (A333),,,0,0,0,2,403,3280,181,31
2020/6/2,HU492,Brussels / Brussels (BRU/EBBR),Xian / Xianyang (XIY/ZLXY),15:00:00,7:20:00,10:20:00,Hainan Airlines (HU/CHH),Airbus A330-300 (A333),,,0,0,0,6,403,3280,181,31
2020/6/2,HU7976,Toronto / Pearson (YYZ/CYYZ),Xian / Xianyang (XIY/ZLXY),17:20:00,21:35:00,16:15:00,Hainan Airlines (HU/CHH),Boeing 787-9 (B789),,,0,0,0,3,3500,3280,181,2088
2020/1/21,HU7976,Toronto / Pearson (YYZ/CYYZ),Beijing / Peking-Capital (PEK/ZBAA),17:20:00,19:00:00,13:40:00,Hainan Airlines (HU/CHH),Boeing 787-9 (B789),,,0,0,0,7,3500,2292,181,2088
2020/3/11,IA473,Baghdad / Baghdad International (BGW/ORBI),Guangzhou / Canton-Baiyun (CAN/ZGGG),23:30:00,13:00:00,8:30:00,Iraqi Airways (IA/IAW),Airbus A330 (A330),,,0,0,0,1,3662,478,375,29
2019/11/21,ID7623,Jakarta / Soekarno Hatta (CGK/WIII),Nanning / Wuxu (NNG/ZGNN),13:25:00,19:00:00,4:35:00,Batik Air (ID/BTK),Airbus A320-200 (A320),,,0,0,0,2,534,2080,1890,2059
2019/12/21,IJ213,Tokyo / Narita (NRT/RJAA),Harbin / Yanjiagang (HRB/ZYHB),7:35:00,9:35:00,3:00:00,Air Liberte (IJ/LIB),Boeing 737-800 (B738),,,0,0,0,7,2105,1170,1261,231
2019/12/11,J25069,Baku / Heydar Aliyev (GYD/UBBB),Xian / Xianyang (XIY/ZLXY),18:30:00,5:00:00,6:30:00,AZAL Azerbaijan Airlines (J2/AHY),Boeing 787-8 (B788),,,0,0,0,1(GYD-XIY-PEK-GYD),216,3280,41,2087
2020/6/1,JD430,Lisbon / Portela (LIS/LPPT),Xian / Xianyang (XIY/ZLXY),9:55:00,5:00:00,12:05:00,Japan Air System (JD/JAS),Airbus A330-300 (A333),,,0,0,0,6,1632,3280,1409,31
2020/6/2,JD430,Lisbon / Portela (LIS/LPPT),Xian / Xianyang (XIY/ZLXY),9:55:00,5:00:00,12:05:00,Japan Air System (JD/JAS),Airbus A330-300 (A333),,,0,0,0,4,1632,3280,1409,31
2020/7/11,JD432,London / Heathrow (LHR/EGLL),Qingdao / Liuting (TAO/ZSQD),22:30:00,17:00:00,11:30:00,Japan Air System (JD/JAS),Airbus A330-300 (A333),,,0,0,0,5,1618,2854,1409,31
2020/7/5,JL829,Tokyo / Narita (NRT/RJAA),Dalian / Zhoushuizi (DLC/ZYTL),9:35:00,11:45:00,3:10:00,Japan Airlines (JL/JAL),Boeing 787-9 (B789),,,0,0,0,2,2105,720,406,2088
2020/7/6,JL829,Tokyo / Narita (NRT/RJAA),Dalian / Zhoushuizi (DLC/ZYTL),18:20:00,20:45:00,3:25:00,Japan Airlines (JL/JAL),Boeing 787-9 (B789),,,0,0,0,4,2105,720,406,2088
2020/7/7,JL829,Tokyo / Narita (NRT/RJAA),Dalian / Zhoushuizi (DLC/ZYTL),9:35:00,11:45:00,3:10:00,Japan Airlines (JL/JAL),Boeing 787-9 (B789),,,0,0,0,5,2105,720,406,2088
2020/3/11,JL87,Tokyo / Narita (NRT/RJAA),Guangzhou / Canton-Baiyun (CAN/ZGGG),8:40:00,12:30:00,4:50:00,Japan Airlines (JL/JAL),Boeing 787-8 (B788),,,0,0,0,5,2105,478,406,2087
2019/12/11,K6668,Phnom Penh / Pochentong (PNH/VDPP),Guangzhou / Canton-Baiyun (CAN/ZGGG),8:35:00,12:35:00,3:00:00,Cambodia Angkor Air (K6/KHV),Airbus A320-200 (A320),,,0,0,0,4,2362,478,1277,2059
2019/12/12,K6894,Phnom Penh / Pochentong (PNH/VDPP),Zhengzhou / Zhengzhou (CGO/ZHCC),13:25:00,18:30:00,4:05:00,Cambodia Angkor Air (K6/KHV),Airbus A320-200 (A320),,,0,0,0,1,2362,536,1277,2059
2019/12/11,K6894,Phnom Penh / Pochentong (PNH/VDPP),Zhengzhou / Zhengzhou (CGO/ZHCC),13:25:00,18:30:00,4:05:00,Cambodia Angkor Air (K6/KHV),Airbus A320-200 (A320),,,0,0,0,1,2362,536,1277,2059
2020/1/11,KE805,Seoul / Incheon (ICN/RKSI),Tianjin / Binhai (TSN/ZBTJ),9:15:00,10:10:00,1:55:00,Korean Air Lines (KE/KAL),Boeing 777-300 (B773),,,0,0,0,2,3602,3023,425,247
2020/7/2,KE831,Seoul / Incheon (ICN/RKSI),Shenyang / Taoxian (SHE/ZYTX),8:05:00,8:55:00,1:50:00,Korean Air Lines (KE/KAL),Boeing 777-300 (B773),,,0,0,0,5,3602,3796,425,247
2020/3/11,KE865,Seoul / Incheon (ICN/RKSI),Guangzhou / Canton-Baiyun (CAN/ZGGG),8:50:00,11:30:00,3:40:00,Korean Air Lines (KE/KAL),Airbus A380-800 (A388),,,0,0,0,3,3602,478,425,39
2020/5/25,KE809,Seoul / Incheon (ICN/RKSI),Zhengzhou / Zhengzhou (CGO/ZHCC),13:00:00,14:40:00,2:40:00,Korean Air Lines (KE/KAL),Boeing 737-800 (B738),,,0,0,0,6,3602,536,425,231
2020/5/11,KL821,Amsterdam / Schiphol (AMS/EHAM),Hangzhou / Xiaoshan (HGH/ZSHC),18:55:00,14:55:00,14:00:00,KLM Royal Dutch Airlines (KL/KLM),Boeing 777-200 (B772),,,0,0,0,4,122,1121,440,246
2020/5/12,KL821,Amsterdam / Schiphol (AMS/EHAM),Hangzhou / Xiaoshan (HGH/ZSHC),18:55:00,15:00:00,14:05:00,KLM Royal Dutch Airlines (KL/KLM),Boeing 777-200 (B772),,,0,0,0,7,122,1121,440,246
2020/2/21,KL857,Amsterdam / Schiphol (AMS/EHAM),Shanghai / Pudong (PVG/ZSPD),18:55:00,14:55:00,14:00:00,KLM Royal Dutch Airlines (KL/KLM),Boeing 777-200 (B772),,,0,0,0,2,122,3653,440,246
2020/3/10,KQ882,Nairobi / Jomo Kenyatta (NBO/HKJK),Guangzhou / Canton-Baiyun (CAN/ZGGG),16:30:00,9:00:00,11:30:00,Kenya Airways (KQ/KQA),Boeing 787-8 (B788),,,0,0,0,5,3598,478,445,2087
2020/3/12,KQ883,Guangzhou / Canton-Baiyun (CAN/ZGGG),Nairobi / Jomo Kenyatta (NBO/HKJK),1:00:00,7:30:00,11:30:00,Kenya Airways (KQ/KQA),Boeing 787-8 (B788),,,0,0,0,1,478,3598,445,2087
2019/12/11,KR901,Phnom Penh / Pochentong (PNH/VDPP),Fuzhou / Fuzhou (FOC/ZSFZ),12:00:00,16:30:00,3:30:00,Karair (KR/KAR),Airbus A320-200 (A320),,,0,0,0,4,2362,909,1075,2059
2019/12/11,KR961,Phnom Penh / Pochentong (PNH/VDPP),Chengdu / Shuangliu (CTU/ZUUU),8:15:00,12:30:00,3:15:00,Karair (KR/KAR),Airbus A320-200 (A320),,,0,0,0,3,2362,633,1075,2059
2020/3/10,KU419,Kuwait / Kuwait (KWI/OKBK),Guangzhou / Canton-Baiyun (CAN/ZGGG),18:20:00,7:30:00,8:10:00,Kuwait Airways (KU/KAC),Boeing 777-300ER (B77W),,,0,0,0,,1538,478,424,2023
2019/11/15,KY8370,Bangkok / Suvarnabhumi (BKK/VTBS),Kunming / Kunming Changshui International Airport (KMG/ZPPP),12:30:00,15:40:00,2:10:00,Kunming Airlines (KY/KNA),Boeing 737-700 (B737),,,0,0,0,7,331,1457,1979,230
2019/11/16,KY8370,Bangkok / Suvarnabhumi (BKK/VTBS),Kunming / Kunming Changshui International Airport (KMG/ZPPP),12:30:00,15:50:00,2:20:00,Linhas Aereas de Air Sao Tome And Principe (KY/EQL),Boeing 737-700 (B737),,,0,0,0,5,331,1457,269,230
2020/2/11,LH728,Frankfurt am Main / Frankfurt (FRA/EDDF),Shanghai / Pudong (PVG/ZSPD),17:10:00,9:55:00,10:45:00,Lufthansa (LH/DLH),Boeing 747-8 (B748),,,0,0,0,1,919,3653,239,2104
2020/2/12,LH728,Frankfurt am Main / Frankfurt (FRA/EDDF),Shanghai / Pudong (PVG/ZSPD),17:10:00,9:55:00,10:45:00,Lufthansa (LH/DLH),Boeing 747-8 (B748),,,0,0,0,3,919,3653,239,2104
2020/5/1,LH780,Frankfurt am Main / Frankfurt (FRA/EDDF),Nanjing / Nanjing (NKG/ZSNJ),18:40:00,11:05:00,10:25:00,Lufthansa (LH/DLH),Airbus A340-300 (A343),,,0,0,0,7 (748->343),919,2066,239,34
2019/12/21,LJ171,Jeju / Jeju International (CJU/RKPC),Xian / Xianyang (XIY/ZLXY),8:35:00,11:30:00,3:55:00,Sierra National Airlines (LJ/SLA),Boeing 737-800 (B738),,,0,0,0,4,565,3280,712,231
2019/12/21,LJ171,Jeju / Jeju International (CJU/RKPC),Xian / Xianyang (XIY/ZLXY),9:30:00,11:30:00,3:00:00,Sierra National Airlines (LJ/SLA),Boeing 737-800 (B738),,,0,0,0,6,565,3280,712,231
2020/1/11,LO93,Warsaw / Chopin (Okecie) (WAW/EPWA),Tianjin / Binhai (TSN/ZBTJ),17:15:00,9:00:00,9:45:00,LOT (LO/LOT),Boeing 787-9 (B789),,,0,0,0,3,3142,3023,483,2088
2019/12/12,LQ884,Phnom Penh / Pochentong (PNH/VDPP),Xian / Xianyang (XIY/ZLXY),9:05:00,14:35:00,4:30:00,Lebanese Air Transport (LQ/LAQ),Airbus A321 (A321),,,0,0,0,1,2362,3280,460,28
2019/12/11,LQ908,Phnom Penh / Pochentong (PNH/VDPP),Guangzhou / Canton-Baiyun (CAN/ZGGG),21:45:00,1:40:00,2:55:00,Lebanese Air Transport (LQ/LAQ),Airbus A321-200 (A321),,,0,0,0,5,2362,478,460,2076
2020/2/11,LX188,Zurich / Kloten (ZRH/LSZH),Shanghai / Pudong (PVG/ZSPD),10:45:00,4:45:00,12:00:00,Swiss International Airlines (LX/SWR),Boeing 777-300ER (B77W),,,0,0,0,7,3548,3653,741,2023
2019/8/1,MF802,Sydney / Kingsford Smith (SYD/YSSY),Xiamen / Gaoqi (XMN/ZSAM),11:15:00,18:55:00,9:40:00,Xiamen Airlines (MF/CXA),Boeing 787-9 (B789),,,0,0,0,4,2834,3285,215,2088
2019/8/2,MF802,Sydney / Kingsford Smith (SYD/YSSY),Xiamen / Gaoqi (XMN/ZSAM),11:15:00,18:55:00,9:40:00,Xiamen Airlines (MF/CXA),Boeing 787-9 (B789),,,0,0,0,7,2834,3285,215,2088
2020/4/1,MF806,Vancouver / Vancouver (YVR/CYVR),Xiamen / Gaoqi (XMN/ZSAM),1:20:00,5:10:00,12:50:00,Xiamen Airlines (MF/CXA),Boeing 787-9 (B789),,,0,0,0,4,3466,3285,215,2088
2020/4/2,MF806,Vancouver / Vancouver (YVR/CYVR),Xiamen / Gaoqi (XMN/ZSAM),1:20:00,5:10:00,12:50:00,Xiamen Airlines (MF/CXA),Boeing 787-9 (B789),,,0,0,0,1,3466,3285,215,2088
2020/4/11,MF810,Tokyo / Narita (NRT/RJAA),Fuzhou / Fuzhou (FOC/ZSFZ),15:30:00,17:50:00,3:20:00,Xiamen Airlines (MF/CXA),Boeing 787-9 (B789),,,0,0,0,1,2105,909,215,2088
2020/4/12,MF810,Tokyo / Narita (NRT/RJAA),Fuzhou / Fuzhou (FOC/ZSFZ),15:30:00,17:50:00,3:20:00,Xiamen Airlines (MF/CXA),Boeing 787-9 (B789),,,0,0,0,5,2105,909,215,2088
2020/4/1,MF812,Amsterdam / Schiphol (AMS/EHAM),Xiamen / Gaoqi (XMN/ZSAM),21:10:00,13:50:00,10:40:00,Xiamen Airlines (MF/CXA),Boeing 787-9 (B789),,,0,0,0,3,122,3285,215,2088
2020/4/2,MF812,Amsterdam / Schiphol (AMS/EHAM),Xiamen / Gaoqi (XMN/ZSAM),21:10:00,13:50:00,10:40:00,Xiamen Airlines (MF/CXA),Boeing 787-9 (B789),,,0,0,0,6,122,3285,215,2088
2020/4/1,MF816,Tokyo / Narita (NRT/RJAA),Xiamen / Gaoqi (XMN/ZSAM),15:35:00,18:40:00,4:05:00,Xiamen Airlines (MF/CXA),Boeing 787-9 (B789),,,0,0,0,2,2105,3285,215,2088
2019/11/21,MF820,Manila / Ninoy Aquino International (MNL/RPLL),Xiamen / Gaoqi (XMN/ZSAM),17:30:00,19:55:00,2:25:00,Xiamen Airlines (MF/CXA),Boeing 737-800 (B738),,,0,0,0,5,1898,3285,215,231
2020/4/1,MF830,Los Angeles / Los Angeles International (LAX/KLAX),Xiamen / Gaoqi (XMN/ZSAM),22:10:00,5:10:00,14:15:00,Xiamen Airlines (MF/CXA),Boeing 787-9 (B789),,,0,0,0,,1559,3285,215,2088
2020/4/2,MF830,Los Angeles / Los Angeles International (LAX/KLAX),Xiamen / Gaoqi (XMN/ZSAM),22:10:00,5:10:00,14:15:00,Xiamen Airlines (MF/CXA),Boeing 787-9 (B789),,,0,0,0,,1559,3285,215,2088
2019/11/11,MF834,Bangkok / Suvarnabhumi (BKK/VTBS),Xiamen / Gaoqi (XMN/ZSAM),12:55:00,17:10:00,3:15:00,Xiamen Airlines (MF/CXA),Boeing 737-800 (B738),,,0,0,0,1,331,3285,215,231
2020/4/1,MF848,Kuala Lumpur / Kuala Lumpur International (KUL/WMKK),Xiamen / Gaoqi (XMN/ZSAM),15:40:00,20:00:00,4:20:00,Xiamen Airlines (MF/CXA),Boeing 787-9 (B789),,,0,0,0,5,1527,3285,215,2088
2019/11/1,MF852,Singapore / Changi (SIN/WSSS),Xiamen / Gaoqi (XMN/ZSAM),15:10:00,19:30:00,4:20:00,Xiamen Airlines (MF/CXA),Boeing 787-9 (B789),,,0,0,0,3,2672,3285,215,2088
2019/11/21,MF856,Jakarta / Soekarno Hatta (CGK/WIII),Fuzhou / Fuzhou (FOC/ZSFZ),12:50:00,19:10:00,5:20:00,Xiamen Airlines (MF/CXA),Boeing 787-9 (B789),,,0,0,0,4,534,909,215,2088
2019/12/1,MF8692,Phnom Penh / Pochentong (PNH/VDPP),Xiamen / Gaoqi (XMN/ZSAM),12:15:00,16:10:00,2:55:00,Xiamen Airlines (MF/CXA),Boeing 787-9 (B789),,,0,0,0,3,2362,3285,215,2088
2020/4/1,MF872,Seoul / Incheon (ICN/RKSI),Xiamen / Gaoqi (XMN/ZSAM),13:45:00,15:45:00,3:00:00,Xiamen Airlines (MF/CXA),Boeing 787-9 (B789),,,0,0,0,1,3602,3285,215,2088
2020/4/2,MF872,Seoul / Incheon (ICN/RKSI),Xiamen / Gaoqi (XMN/ZSAM),13:45:00,15:50:00,3:05:00,Xiamen Airlines (MF/CXA),Boeing 787-9 (B789),,,0,0,0,6,3602,3285,215,2088
2020/3/10,MH376,Kuala Lumpur / Kuala Lumpur International (KUL/WMKK),Guangzhou / Canton-Baiyun (CAN/ZGGG),9:00:00,13:15:00,4:15:00,Malaysia Airlines (MH/MAS),Airbus A330-200 (A332),,,0,0,0,1,1527,478,507,30
2019/11/5,MI972,Singapore / Changi (SIN/WSSS),Chongqing / Chongqing (CKG/ZUCK),7:00:00,11:35:00,4:35:00,SilkAir (MI/SLK),Boeing 737-800 (B738),,,0,0,0,1,2672,566,713,231
2020/5/11,MS953,Cairo / Cairo (CAI/HECA),Hangzhou / Xiaoshan (HGH/ZSHC),23:00:00,15:40:00,10:40:00,Egyptair (MS/MSR),Boeing 787-9 (B789),,,0,0,0,2,475,1121,536,2088
2020/3/10,MS958,Cairo / Cairo (CAI/HECA),Guangzhou / Canton-Baiyun (CAN/ZGGG),21:55:00,14:03:00,10:08:00,Egyptair (MS/MSR),Boeing 777-300ER (B77W),,,0,0,0,4,475,478,536,2023
2019/12/21,MU2032,Yangon / Mingaladon (RGN/VYYY),Kunming / Kunming Changshui International Airport (KMG/ZPPP),18:10:00,21:55:00,1:45:00,China Eastern Airlines (MU/CES),Boeing 737-800 (B738),,,0,0,0,3,2513,1457,178,231
2019/12/22,MU2032,Yangon / Mingaladon (RGN/VYYY),Kunming / Kunming Changshui International Airport (KMG/ZPPP),17:10:00,20:50:00,1:40:00,China Eastern Airlines (MU/CES),Boeing 737-800 (B738),,,0,0,0,7,2513,1457,178,231
2019/12/21,MU2036,Dhaka / Zia (DAC/VGZR),Kunming / Kunming Changshui International Airport (KMG/ZPPP),15:30:00,19:40:00,2:10:00,China Eastern Airlines (MU/CES),Boeing 737-800 (B738),,,0,0,0,1,670,1457,178,231
2020/2/1,MU208,Toronto / Pearson (YYZ/CYYZ),Shanghai / Pudong (PVG/ZSPD),16:25:00,18:55:00,14:30:00,China Eastern Airlines (MU/CES),Boeing 777-300 (B773),,,0,0,0,,3500,3653,178,247
2019/11/21,MU212,Manila / Ninoy Aquino International (MNL/RPLL),Shanghai / Pudong (PVG/ZSPD),4:30:00,8:20:00,3:50:00,China Eastern Airlines (MU/CES),Airbus A330-300 (A333),,,0,0,0,3,1898,3653,178,31
2020/5/1,MU216,Vancouver / Vancouver (YVR/CYVR),Nanjing / Nanjing (NKG/ZSNJ),11:00:00,14:30:00,12:30:00,China Eastern Airlines (MU/CES),Airbus A350-900 (A359),,,0,0,0,2,3466,2066,178,2110
2020/2/1,MU220,Frankfurt am Main / Frankfurt (FRA/EDDF),Shanghai / Pudong (PVG/ZSPD),14:30:00,7:15:00,10:45:00,China Eastern Airlines (MU/CES),Boeing 777-300 (B773),,,0,0,0,2,919,3653,178,247
2019/12/21,MU232,Colombo / Bandaranaike (CMB/VCBI),Shanghai / Pudong (PVG/ZSPD),21:20:00,6:55:00,6:35:00,China Eastern Airlines (MU/CES),Airbus A330-300 (A333),,,0,0,0,5,577,3653,178,31
2019/12/21,MU2574,Vientiane / Wattay (VTE/VLVT),Kunming / Kunming Changshui International Airport (KMG/ZPPP),16:25:00,19:10:00,1:45:00,China Eastern Airlines (MU/CES),Boeing 737-800 (B738),,,0,0,0,2,3244,1457,178,231
2019/12/22,MU2574,Vientiane / Wattay (VTE/VLVT),Kunming / Kunming Changshui International Airport (KMG/ZPPP),16:25:00,19:10:00,1:45:00,China Eastern Airlines (MU/CES),Boeing 737-800 (B738),,,0,0,0,5,3244,1457,178,231
2019/12/1,MU2600,Phnom Penh / Pochentong (PNH/VDPP),Kunming / Kunming Changshui International Airport (KMG/ZPPP),13:50:00,17:00:00,2:10:00,China Eastern Airlines (MU/CES),Boeing 737-800 (B738),,,0,0,0,3,2362,1457,178,231
2020/5/5,MU2990,Seoul / Incheon (ICN/RKSI),Wuxi / Shuofang (WUX/ZSWX),12:15:00,13:25:00,2:10:00,China Eastern Airlines (MU/CES),Airbus A321-200 (A321),,,0,0,0,4,3602,4694,178,2076
2020/2/1,MU5042,Seoul / Incheon (ICN/RKSI),Shanghai / Pudong (PVG/ZSPD),12:55:00,13:45:00,1:50:00,China Eastern Airlines (MU/CES),Airbus A330-300 (A333),,,0,0,0,5,3602,3653,178,31
2020/2/1,MU524,Tokyo / Narita (NRT/RJAA),Shanghai / Pudong (PVG/ZSPD),15:40:00,17:50:00,3:10:00,China Eastern Airlines (MU/CES),Boeing 777-300 (B773),,,0,0,0,,2105,3653,178,247
2019/11/11,MU542,Bangkok / Suvarnabhumi (BKK/VTBS),Shanghai / Pudong (PVG/ZSPD),13:05:00,18:20:00,4:15:00,China Eastern Airlines (MU/CES),Airbus A320-200 (A320),,,0,0,0,7,331,3653,178,2059
2020/2/1,MU552,London / Heathrow (LHR/EGLL),Shanghai / Pudong (PVG/ZSPD),21:20:00,15:40:00,11:20:00,China Eastern Airlines (MU/CES),Boeing 777-300 (B773),,,0,0,0,,1618,3653,178,247
2019/8/1,MU562,Sydney / Kingsford Smith (SYD/YSSY),Shanghai / Pudong (PVG/ZSPD),11:00:00,19:20:00,10:20:00,China Eastern Airlines (MU/CES),Boeing 777-300ER (B77W),,,0,0,0,3,2834,3653,178,2023
2019/9/1,MU564,Delhi / Indira Gandhi (DEL/VIDP),Shanghai / Pudong (PVG/ZSPD),2:40:00,11:20:00,5:40:00,China Eastern Airlines (MU/CES),Airbus A330-300 (A333),,,0,0,0,5,689,3653,178,31
2019/11/1,MU568,Singapore / Changi (SIN/WSSS),Shanghai / Pudong (PVG/ZSPD),16:35:00,21:50:00,5:15:00,China Eastern Airlines (MU/CES),Boeing 787-9 (B789),,,0,0,0,4,2672,3653,178,2088
2020/2/1,MU570,Paris / Charles de Gaulle (CDG/LFPG),Shanghai / Pudong (PVG/ZSPD),21:20:00,14:40:00,11:20:00,China Eastern Airlines (MU/CES),Boeing 777-300 (B773),,,0,0,0,,509,3653,178,247
2020/2/1,MU588,New York / John F Kennedy (JFK/KJFK),Shanghai / Pudong (PVG/ZSPD),16:25:00,19:25:00,15:00:00,China Eastern Airlines (MU/CES),Boeing 777-300 (B773),,,0,0,0,3,1328,3653,178,247
2020/2/2,MU588,New York / John F Kennedy (JFK/KJFK),Shanghai / Pudong (PVG/ZSPD),16:25:00,19:46:00,15:21:00,China Eastern Airlines (MU/CES),Boeing 777-300ER (B77W),,,0,0,0,,1328,3653,178,2023
2020/6/5,MU594,Tokyo / Narita (NRT/RJAA),Xian / Xianyang (XIY/ZLXY),14:55:00,19:10:00,5:15:00,China Eastern Airlines (MU/CES),Airbus A330-300 (A333),,,0,0,0,2,2105,3280,178,31
2019/8/2,MU712,Sydney / Kingsford Smith (SYD/YSSY),Hangzhou / Xiaoshan (HGH/ZSHC),11:20:00,19:55:00,10:35:00,China Eastern Airlines (MU/CES),Airbus A350-900 (A359),,,0,0,0,5,2834,1121,178,2110
2019/12/1,MU760,Phnom Penh / Pochentong (PNH/VDPP),Shanghai / Pudong (PVG/ZSPD),0:25:00,5:25:00,4:00:00,China Eastern Airlines (MU/CES),Airbus A330-300 (A333),,,0,0,0,3,2362,3653,178,31
2020/2/1,MU772,Amsterdam / Schiphol (AMS/EHAM),Shanghai / Pudong (PVG/ZSPD),12:35:00,5:55:00,11:20:00,China Eastern Airlines (MU/CES),Boeing 777-300 (B773),,,0,0,0,7,122,3653,178,247
2019/8/11,MU780,Auckland / Mangere (AKL/NZAA),Shanghai / Pudong (PVG/ZSPD),21:00:00,5:55:00,12:55:00,China Eastern Airlines (MU/CES),Boeing 787-9 (B789),,,0,0,0,3,93,3653,178,2088
2020/2/11,NH919,Tokyo / Narita (NRT/RJAA),Shanghai / Pudong (PVG/ZSPD),9:30:00,11:40:00,3:10:00,All Nippon Airways (NH/ANA),Boeing Boeing 787-10 (B78X),,,0,0,0,7,2105,3653,64,2138
2020/7/11,NH927,Tokyo / Narita (NRT/RJAA),Qingdao / Liuting (TAO/ZSQD),9:55:00,12:30:00,3:35:00,All Nippon Airways (NH/ANA),Boeing 787-8 (B788),,,0,0,0,3,2105,2854,64,2087
2020/3/11,NH933,Tokyo / Narita (NRT/RJAA),Guangzhou / Canton-Baiyun (CAN/ZGGG),10:05:00,14:00:00,4:55:00,All Nippon Airways (NH/ANA),Boeing 787-8 (B788),,,0,0,0,3,2105,478,64,2087
2020/5/1,NO946,Milan / Malpensa (MXP/LIMC),Nanjing / Nanjing (NKG/ZSNJ),15:00:00,8:20:00,11:20:00,Neos (NO/NOS),Boeing 787-8 (B788),,,0,0,0,5,1983,2066,569,2087
2020/5/2,NO976,Milan / Malpensa (MXP/LIMC),Nanjing / Nanjing (NKG/ZSNJ),21:40:00,15:15:00,11:35:00,Neos (NO/NOS),Boeing 787-8 (B788),,,0,0,0,3,1983,2066,569,2087
2019/8/11,NZ289,Auckland / Mangere (AKL/NZAA),Shanghai / Pudong (PVG/ZSPD),23:00:00,7:15:00,12:15:00,Air New Zealand (NZ/ANZ),Boeing 787-9 (B789),,,0,0,0,1,93,3653,70,2088
2019/8/12,NZ289,Auckland / Mangere (AKL/NZAA),Shanghai / Pudong (PVG/ZSPD),23:00:00,7:15:00,12:15:00,Air New Zealand (NZ/ANZ),Boeing 787-9 (B789),,,0,0,0,6,93,3653,70,2088
2020/3/10,OD612,Kuala Lumpur / Kuala Lumpur International (KUL/WMKK),Guangzhou / Canton-Baiyun (CAN/ZGGG),21:45:00,2:10:00,4:25:00,Malindo Air (OD/MXD),Boeing 737-900 (B739),,,0,0,0,1,1527,478,2372,232
2020/3/11,OD612,Kuala Lumpur / Kuala Lumpur International (KUL/WMKK),Guangzhou / Canton-Baiyun (CAN/ZGGG),21:45:00,2:10:00,4:25:00,Malindo Air (OD/MXD),Boeing 737-900 (B739),,,0,0,0,1,1527,478,2372,232
2020/2/11,OS75,Vienna / Schwechat (VIE/LOWW),Shanghai / Pudong (PVG/ZSPD),13:30:00,6:00:00,10:30:00,Austrian Airlines (OS/AUA),Boeing 767-300ER (B763),,,0,0,0,5,3179,3653,87,2078
2020/7/21,OZ303,Seoul / Incheon (ICN/RKSI),Changchun / Longjia (CGQ/ZYCC),8:45:00,9:55:00,2:10:00,Asiana Airlines (OZ/AAR),Boeing 747-400 (B744),,,0,0,0,2 or 7,3602,3811,5,237
2020/6/11,OZ323,Seoul / Incheon (ICN/RKSI),Chengdu / Shuangliu (CTU/ZUUU),20:00:00,23:00:00,4:00:00,Asiana Airlines (OZ/AAR),Boeing 747-400 (B744),,,0,0,0,4,3602,633,5,237
2020/7/25,OZ340,Seoul / Incheon (ICN/RKSI),Harbin / Yanjiagang (HRB/ZYHB),14:35:00,18:10:00,4:35:00,Asiana Airlines (OZ/AAR),Airbus A320 (A320),,,0,0,0,3,3602,1170,5,27
2020/5/1,OZ349,Seoul / Incheon (ICN/RKSI),Nanjing / Nanjing (NKG/ZSNJ),12:20:00,13:40:00,2:20:00,Asiana Airlines (OZ/AAR),Boeing 747-400 (B744),,,0,0,0,7,3602,2066,5,237
2020/6/15,OZ3533,Seoul / Incheon (ICN/RKSI),Chongqing / Chongqing (CKG/ZUCK),20:25:00,0:05:00,4:40:00,Asiana Airlines (OZ/AAR),Airbus A321-200 (A321),,,0,0,0,5,3602,566,5,2076
2019/11/21,PR314,Manila / Ninoy Aquino International (MNL/RPLL),Tianjin / Binhai (TSN/ZBTJ),11:00:00,15:00:00,4:00:00,Philippine Airlines (PR/PAL),Airbus A330-300 (A333),,,0,0,0,3,1898,3023,597,31
2019/12/11,QD696,Phnom Penh / Pochentong (PNH/VDPP),Kunming / Kunming Changshui International Airport (KMG/ZPPP),12:10:00,15:40:00,2:30:00,JC Airlines (QD/JCC),Airbus A320-200 (A320),,,0,0,0,3,2362,1457,1691,2059
2019/12/11,QD738,Phnom Penh / Pochentong (PNH/VDPP),Chengdu / Shuangliu (CTU/ZUUU),23:10:00,4:00:00,3:50:00,Air Class Lineas Aereas (QD/QCL),Airbus A320-200 (A320),,,0,0,0,5,2362,633,630,2059
2019/11/25,QD8661,Phnom Penh / Pochentong (PNH/VDPP),Chengdu / Shuangliu (CTU/ZUUU),23:10:00,4:00:00,3:50:00,Air Class Lineas Aereas (QD/QCL),Airbus A320-200 (A320),,,0,0,0,5(MNL-PNH-CTU),2362,633,630,2059
2019/11/21,QG8816,Jakarta / Soekarno Hatta (CGK/WIII),Kunming / Kunming Changshui International Airport (KMG/ZPPP),15:25:00,21:10:00,4:45:00,Delta Air Transport (QG/DAT),Airbus A330-200 (A332),,,0,0,0,5,534,1457,1222,30
2020/3/10,QR874,Doha / Doha (DOH/OTBD),Guangzhou / Canton-Baiyun (CAN/ZGGG),2:05:00,15:30:00,8:25:00,Qatar Airways (QR/QTR),Boeing 777-300ER (B77W),,,0,0,0,7,738,478,634,2023
2019/12/11,QV815,Vientiane / Wattay (VTE/VLVT),Kunming / Kunming Changshui International Airport (KMG/ZPPP),7:25:00,9:50:00,1:25:00,Lao Airlines (QV/LAO),Airbus A320-200 (A320),,,0,0,0,4,3244,1457,458,2059
2019/12/12,QV815,Vientiane / Wattay (VTE/VLVT),Kunming / Kunming Changshui International Airport (KMG/ZPPP),7:25:00,9:50:00,1:25:00,Lao Airlines (QV/LAO),Airbus A320-200 (A320),,,0,0,0,7,3244,1457,458,2059
2020/3/11,QW6190,Tokyo / Narita (NRT/RJAA),Fuzhou / Fuzhou (FOC/ZSFZ),17:50:00,20:30:00,3:40:00,Blue Wings (QW/BWG),Airbus A320neo (A20N),,,0,0,0,6,2105,909,157,2127
2020/7/11,QW9902,Seoul / Incheon (ICN/RKSI),Qingdao / Liuting (TAO/ZSQD),23:55:00,1:00:00,2:05:00,Blue Wings (QW/BWG),Airbus A320neo (A20N),,,0,0,0,6,3602,2854,157,2127
2020/7/15,RS831,Seoul / Incheon (ICN/RKSI),Yantai / Yantai Penglai International Airport (YNT/ZSYT),12:30:00,5:00:00,0:54:00,Intercontinental colombia (RS/ICT),Airbus A321-200 (A321),,,0,0,0,4,3602,8815,382,2076
2019/11/22,RW368,Manila / Ninoy Aquino International (MNL/RPLL),Wuxi / Shuofang (WUX/ZSWX),9:30:00,13:00:00,3:30:00,Royal Aruban Airlines (V5/RYL),Airbus A320-200 (A320),,,0,0,0,3,1898,4694,667,2059
2019/11/21,RW410,Manila / Ninoy Aquino International (MNL/RPLL),Nanning / Wuxu (NNG/ZGNN),12:00:00,15:00:00,3:00:00,Royal Aruban Airlines (V5/RYL),Airbus A320-200 (A320),,,0,0,0,5,1898,2080,667,2059
2020/7/15,SC2412,Seoul / Incheon (ICN/RKSI),Yantai / Yantai Penglai International Airport (YNT/ZSYT),14:05:00,14:20:00,1:05:00,Shandong Airlines (SC/CDG),Boeing 737-800 (B738),,,0,0,0,4,3602,8815,176,231
2020/7/11,SC4088,Seoul / Incheon (ICN/RKSI),Qingdao / Liuting (TAO/ZSQD),14:00:00,14:35:00,1:35:00,Shandong Airlines (SC/CDG),Boeing 737-800 (B738),,,0,0,0,5,3602,2854,176,231
2019/11/22,SJ3124,Jakarta / Soekarno Hatta (CGK/WIII),Wuhan / Tianhe (WUH/ZHHH),9:00:00,16:00:00,6:00:00,Freedom Air (SJ/FOM),Boeing 737-800 (B738),,,0,0,0,5,534,3249,1301,231
2019/11/21,SJ3184,Jakarta / Soekarno Hatta (CGK/WIII),Hangzhou / Xiaoshan (HGH/ZSHC),8:35:00,15:35:00,6:00:00,Freedom Air (SJ/FOM),Boeing 737-800 (B738),,,0,0,0,3,534,1121,1301,231
2020/2/11,SK997,Copenhagen / Kastrup (CPH/EKCH),Shanghai / Pudong (PVG/ZSPD),18:40:00,10:55:00,10:15:00,Scandinavian Airlines (SK/SAS),Airbus A350-900 (A359),,,0,0,0,2,606,3653,677,2110
2019/11/25,SL117,Bangkok / Don Mueang International (DMK/VTBD),Guangzhou / Canton-Baiyun (CAN/ZGGG),21:35:00,1:40:00,3:05:00,Thai Lion Air (SL/TLM),Boeing 737-900 (B739),,,0,0,0,1 (CKG-DMK-CAN),3565,478,2010,232
2019/11/5,SQ830,Singapore / Changi (SIN/WSSS),Shanghai / Pudong (PVG/ZSPD),9:30:00,15:05:00,5:35:00,Singapore Airlines (SQ/SIA),Boeing 787-9 (B789),,,0,0,0,1,2672,3653,703,2088
2020/2/11,SU208,Moscow / Sheremetyevo (SVO/UUEE),Shanghai / Pudong (PVG/ZSPD),20:05:00,9:50:00,8:45:00,Aeroflot (SU/AFL),Boeing 777-300ER (B77W),,,0,0,0,4,2816,3653,33,2023
2020/3/10,SV884,Riyadh / King Khalid (RUH/OERK),Guangzhou / Canton-Baiyun (CAN/ZGGG),2:35:00,16:30:00,8:55:00,Saudi Arabian Airlines (SV/SVA),Boeing 787-9 (B789),,,0,0,0,,2570,478,735,2088
2020/6/5,TK196,Istanbul / Istanbul Airport (IST/LTFM),Xian / Xianyang (XIY/ZLXY),7:40:00,21:35:00,8:55:00,Turkish Airlines (TK/THY),Boeing 777-300ER (B77W),,,0,0,0,5,8949,3280,769,2023
2020/3/10,TK72,Istanbul / Istanbul Airport (IST/LTFM),Guangzhou / Canton-Baiyun (CAN/ZGGG),18:35:00,9:40:00,10:05:00,Turkish Airlines (TK/THY),Boeing 777-300ER (B77W),,,0,0,0,,8949,478,769,2023
2019/11/5,TR100,Singapore / Changi (SIN/WSSS),Guangzhou / Canton-Baiyun (CAN/ZGGG),5:15:00,9:25:00,4:10:00,Scoot (TR/TGW),Boeing 787-9 (B789),,,0,0,0,7,2672,478,2695,2088
2019/11/7,TR139,Tianjin / Binhai (TSN/ZBTJ),Singapore / Changi (SIN/WSSS),9:20:00,15:20:00,6:00:00,Scoot (TR/TGW),Boeing 787-9 (B789),,,0,0,0,3,3023,2672,2695,2088
2019/11/6,TR180,Singapore / Changi (SIN/WSSS),Nanjing / Nanjing (NKG/ZSNJ),11:10:00,16:30:00,5:20:00,Scoot (TR/TGW),Boeing 787-9 (B789),,,0,0,0,4,2672,2066,2695,2088
2019/12/21,TW683,Taegu / K-2 (TAE/RKTN),Yanji / Chaoyangchuan (YNJ/ZYYJ),9:00:00,10:50:00,2:50:00,T'way Airlines (TW/TWB),Airbus A320 (A320),,,0,0,0,4,2848,4692,1610,27
2020/5/21,TW9615,Seoul / Incheon (ICN/RKSI),Wuhan / Tianhe (WUH/ZHHH),10:00:00,11:55:00,2:55:00,T'way Airlines (TW/TWB),Airbus A320 (A320),,,0,0,0,3,3602,3249,1610,27
2019/12/11,U63763,Yekaterinburg / Koltsovo (SVX/USSS),Xian / Xianyang (XIY/ZLXY),4:05:00,13:00:00,5:55:00,Ural Airlines (U6/SVR),Airbus A320 (A320),,,0,0,0,2(DXB-SVX-XIY),2823,3280,740,27
2020/2/21,UA857,San Francisco / San Francisco International (SFO/KSFO),Shanghai / Pudong (PVG/ZSPD),11:00:00,17:45:00,15:45:00,United Airlines (UA/UAL),Boeing 777-300ER (B77W),,,0,0,0,,2644,3653,808,2023
2020/2/22,UA857,San Francisco / San Francisco International (SFO/KSFO),Shanghai / Pudong (PVG/ZSPD),11:00:00,17:45:00,15:45:00,United Airlines (UA/UAL),Boeing 777-300ER (B77W),,,0,0,0,,2644,3653,808,2023
2020/2/23,UA857,San Francisco / San Francisco International (SFO/KSFO),Shanghai / Pudong (PVG/ZSPD),11:00:00,17:45:00,15:45:00,United Airlines (UA/UAL),Boeing 777-300ER (B77W),,,0,0,0,,2644,3653,808,2023
2020/2/24,UA857,San Francisco / San Francisco International (SFO/KSFO),Shanghai / Pudong (PVG/ZSPD),11:00:00,17:45:00,15:45:00,United Airlines (UA/UAL),Boeing 777-300ER (B77W),,,0,0,0,,2644,3653,808,2023
2019/11/25,UB803,Yangon / Mingaladon (RGN/VYYY),Chengdu / Shuangliu (CTU/ZUUU),22:00:00,2:00:00,2:00:00,Myanmar Airways (UB/UBA),Boeing 737-800 (B738),,,0,0,0,7(MNL-RGN-CTU),2513,633,809,231
2019/12/11,UL866,Colombo / Bandaranaike (CMB/VCBI),Shanghai / Pudong (PVG/ZSPD),14:15:00,23:50:00,6:35:00,SriLankan Airlines (UL/ALK),Airbus A330-300 (A333),,,0,0,0,5,577,3653,51,31
2020/5/1,VN5728,Hanoi / Noibai (HAN/VVNB),Nanjing / Nanjing (NKG/ZSNJ),10:10:00,13:50:00,2:40:00,Vietnam Airlines (VN/HVN),Airbus A350-900 (A359),,,0,0,0,6,1094,2066,366,2110
2019/11/25,VN704,Hanoi / Noibai (HAN/VVNB),Zhengzhou / Zhengzhou (CGO/ZHCC),7:10:00,11:00:00,2:50:00,Vietnam Airlines (VN/HVN),Airbus A321-200 (A321),,,0,0,0,5(MNL-HAN-CGO),1094,536,366,2076
2020/2/11,VS250,London / Heathrow (LHR/EGLL),Shanghai / Pudong (PVG/ZSPD),15:15:00,9:25:00,11:10:00,Virgin Atlantic (VS/VIR),Boeing 787-9 (B789),,,0,0,0,2,1618,3653,835,2088
2020/2/12,VS250,London / Heathrow (LHR/EGLL),Shanghai / Pudong (PVG/ZSPD),15:15:00,9:25:00,11:10:00,Virgin Atlantic (VS/VIR),Boeing 787-9 (B789),,,0,0,0,5,1618,3653,835,2088
2020/3/11,W5080,Tehran / Imam Khomeini (IKA/OIIE),Guangzhou / Canton-Baiyun (CAN/ZGGG),23:30:00,4:50:00,1:20:00,Mahan Airlines (W5/IRM),Airbus A340 (A340),,,0,0,0,1,3595,478,393,32
2020/3/11,WB9500,Kigali / Kigali (KGL/HRYR),Guangzhou / Canton-Baiyun (CAN/ZGGG),16:35:00,9:00:00,10:25:00,Rwandair Express (WB/RWD),Airbus A330-200 (A332),,,0,0,0,5,1417,478,665,30
2019/11/25,XJ808,Bangkok / Don Mueang International (DMK/VTBD),Tianjin / Binhai (TSN/ZBTJ),15:55:00,21:40:00,4:45:00,Thai AirAsia X (XJ/TAX),Airbus A330-200 (A332),,,0,0,0,5(KUL-DMK-TSN),3565,3023,2047,30
2019/11/21,Z2816,Manila / Ninoy Aquino International (MNL/RPLL),Chengdu / Shuangliu (CTU/ZUUU),22:15:00,2:10:00,3:55:00,Zest Airways (Z2/RIT),Airbus A320-200 (A320),,,0,0,0,3,1898,633,1159,2059
2019/11/25,ZA419,Sihanoukville / Sihanoukville (KOS/VDSV),Zhengzhou / Zhengzhou (CGO/ZHCC),7:00:00,11:00:00,3:00:00,Sky Angkor Airlines (ZA/SWM),Airbus A320-200 (A320),,,0,0,0,5(MNL-KOS-CGO),4586,536,1883,2059
2019/11/26,ZA493,Sihanoukville / Sihanoukville (KOS/VDSV),Chengdu / Shuangliu (CTU/ZUUU),20:40:00,1:05:00,3:25:00,Sky Angkor Airlines (ZA/SWM),Airbus A320-200 (A320),,,0,0,0,6(MNL-KOS-CTU),4586,633,1883,2059
2020/3/21,ZH9032,Seoul / Incheon (ICN/RKSI),Shenzhen / Shenzhen Bao'an International Airport (SZX/ZGSZ),13:40:00,16:50:00,4:10:00,Shenzhen Airlines (4G/CSZ),Boeing 737-800 (B738),,,0,0,0,3,3602,2844,917,231
2019/12/1,ZH9046,Phnom Penh / Pochentong (PNH/VDPP),Shenzhen / Shenzhen Bao'an International Airport (SZX/ZGSZ),17:20:00,21:05:00,2:45:00,Shenzhen Airlines (4G/CSZ),Boeing 737-800 (B738),,,0,0,0,4,2362,2844,917,231
2020/3/21,ZH9052,Tokyo / Narita (NRT/RJAA),Shenzhen / Shenzhen Bao'an International Airport (SZX/ZGSZ),15:40:00,19:50:00,5:10:00,Shenzhen Airlines (ZH/CSZ),Airbus A330-300 (A333),,,0,0,0,7,2105,2844,1693,31
,CZ3062,,,16:35:00,18:58:00,,,,,,,,,,,,,
